time,close
10,0.73215
20,0.73365
30,0.73417
40,0.72137
50,0.71417
60,0.72329
70,0.71621
80,0.71758
90,0.72125
100,0.7261
110,0.72818
120,0.72453
130,0.72913
140,0.72498
150,0.72601
160,0.72184
170,0.72851
180,0.72008
190,0.7331
200,0.73909
210,0.74563
220,0.73934
230,0.74295
240,0.74726
250,0.75273
260,0.75669
270,0.76558
280,0.77524
290,0.75893
300,0.75214
310,0.76436
320,0.77209
330,0.74402
340,0.74325
350,0.74437
360,0.74309
